area_id,id,demographic_id,age,education,gender,ethnicity,family_ratio,income,household_id,relationship
d2,d100_491,retired,81,1,0,0,0.3,3275,d100_hh164,head
d1,d100_491,retired,81,1,0,0,0.3,3275,d100_hh164,head
d13,d100_491,retired,81,1,0,0,0.3,3275,d100_hh164,head
d16,d100_491,retired,81,1,0,0,0.3,3275,d100_hh164,head
d11,d100_491,retired,81,1,0,0,0.3,3275,d100_hh164,head
d23,d100_491,retired,81,1,0,0,0.3,3275,d100_hh164,head
d23,d100_491,retired,81,1,0,0,0.3,3275,d100_hh164,head
d18,d100_491,retired,81,1,0,0,0.3,3275,d100_hh164,head
d18,d100_491,retired,81,1,0,0,0.3,3275,d100_hh164,head
d19,d100_491,retired,81,1,0,0,0.3,3275,d100_hh164,head
d34,d100_491,retired,81,1,0,0,0.3,3275,d100_hh164,head
d48,d100_491,retired,81,1,0,0,0.3,3275,d100_hh164,head
d50,d100_491,retired,81,1,0,0,0.3,3275,d100_hh164,head
d52,d100_491,retired,81,1,0,0,0.3,3275,d100_hh164,head
d33,d100_491,retired,81,1,0,0,0.3,3275,d100_hh164,head
d56,d100_491,retired,81,1,0,0,0.3,3275,d100_hh164,head
d58,d100_491,retired,81,1,0,0,0.3,3275,d100_hh164,head
d67,d100_491,retired,81,1,0,0,0.3,3275,d100_hh164,head
d40,d100_491,retired,81,1,0,0,0.3,3275,d100_hh164,head
d72,d100_491,retired,81,1,0,0,0.3,3275,d100_hh164,head
d36,d100_491,retired,81,1,0,0,0.3,3275,d100_hh164,head
d78,d100_491,retired,81,1,0,0,0.3,3275,d100_hh164,head
d75,d100_491,retired,81,1,0,0,0.3,3275,d100_hh164,head
d82,d100_491,retired,81,1,0,0,0.3,3275,d100_hh164,head
d85,d100_491,retired,81,1,0,0,0.3,3275,d100_hh164,head
d85,d100_491,retired,81,1,0,0,0.3,3275,d100_hh164,head
d29,d100_491,retired,81,1,0,0,0.3,3275,d100_hh164,head
d101,d100_491,retired,81,1,0,0,0.3,3275,d100_hh164,head
d88,d100_491,retired,81,1,0,0,0.3,3275,d100_hh164,head
d106,d100_491,retired,81,1,0,0,0.3,3275,d100_hh164,head
d102,d100_491,retired,81,1,0,0,0.3,3275,d100_hh164,head
d102,d100_491,retired,81,1,0,0,0.3,3275,d100_hh164,head
d110,d100_491,retired,81,1,0,0,0.3,3275,d100_hh164,head
d114,d100_491,retired,81,1,0,0,0.3,3275,d100_hh164,head
d111,d100_491,retired,81,1,0,0,0.3,3275,d100_hh164,head
d111,d100_491,retired,81,1,0,0,0.3,3275,d100_hh164,head
d111,d100_491,retired,81,1,0,0,0.3,3275,d100_hh164,head
d119,d100_491,retired,81,1,0,0,0.3,3275,d100_hh164,head
d95,d100_491,retired,81,1,0,0,0.3,3275,d100_hh164,head
d95,d100_491,retired,81,1,0,0,0.3,3275,d100_hh164,head
d95,d100_491,retired,81,1,0,0,0.3,3275,d100_hh164,head
d117,d100_491,retired,81,1,0,0,0.3,3275,d100_hh164,head
d38,d100_491,retired,81,1,0,0,0.3,3275,d100_hh164,head
d128,d100_491,retired,81,1,0,0,0.3,3275,d100_hh164,head
d141,d100_491,retired,81,1,0,0,0.3,3275,d100_hh164,head
d141,d100_491,retired,81,1,0,0,0.3,3275,d100_hh164,head
d155,d100_491,retired,81,1,0,0,0.3,3275,d100_hh164,head
d155,d100_491,retired,81,1,0,0,0.3,3275,d100_hh164,head
d146,d100_491,retired,81,1,0,0,0.3,3275,d100_hh164,head
d150,d100_491,retired,81,1,0,0,0.3,3275,d100_hh164,head
d150,d100_491,retired,81,1,0,0,0.3,3275,d100_hh164,head
d159,d100_491,retired,81,1,0,0,0.3,3275,d100_hh164,head
d154,d100_491,retired,81,1,0,0,0.3,3275,d100_hh164,head
d162,d100_491,retired,81,1,0,0,0.3,3275,d100_hh164,head
d163,d100_491,retired,81,1,0,0,0.3,3275,d100_hh164,head
d166,d100_491,retired,81,1,0,0,0.3,3275,d100_hh164,head
d178,d100_491,retired,81,1,0,0,0.3,3275,d100_hh164,head
d177,d100_491,retired,81,1,0,0,0.3,3275,d100_hh164,head
d187,d100_491,retired,81,1,0,0,0.3,3275,d100_hh164,head
d187,d100_491,retired,81,1,0,0,0.3,3275,d100_hh164,head
d191,d100_491,retired,81,1,0,0,0.3,3275,d100_hh164,head
d140,d100_491,retired,81,1,0,0,0.3,3275,d100_hh164,head
d195,d100_491,retired,81,1,0,0,0.3,3275,d100_hh164,head
d195,d100_491,retired,81,1,0,0,0.3,3275,d100_hh164,head
d179,d100_491,retired,81,1,0,0,0.3,3275,d100_hh164,head
d179,d100_491,retired,81,1,0,0,0.3,3275,d100_hh164,head
d183,d100_491,retired,81,1,0,0,0.3,3275,d100_hh164,head
d183,d100_491,retired,81,1,0,0,0.3,3275,d100_hh164,head
d198,d100_491,retired,81,1,0,0,0.3,3275,d100_hh164,head
d199,d100_491,retired,81,1,0,0,0.3,3275,d100_hh164,head
d164,d100_491,retired,81,1,0,0,0.3,3275,d100_hh164,head
d170,d100_491,retired,81,1,0,0,0.3,3275,d100_hh164,head
d137,d100_491,retired,81,1,0,0,0.3,3275,d100_hh164,head
d202,d100_491,retired,81,1,0,0,0.3,3275,d100_hh164,head
d205,d100_491,retired,81,1,0,0,0.3,3275,d100_hh164,head
d205,d100_491,retired,81,1,0,0,0.3,3275,d100_hh164,head
d208,d100_491,retired,81,1,0,0,0.3,3275,d100_hh164,head
d208,d100_491,retired,81,1,0,0,0.3,3275,d100_hh164,head
d184,d100_491,retired,81,1,0,0,0.3,3275,d100_hh164,head
d4,d100_493,rural_worker,39,1,1,0,0.7,20727,d100_hh65,head
d4,d100_493,rural_worker,39,1,1,0,0.7,20727,d100_hh65,head
d4,d100_493,rural_worker,39,1,1,0,0.7,20727,d100_hh65,head
d5,d100_493,rural_worker,39,1,1,0,0.7,20727,d100_hh65,head
d5,d100_493,rural_worker,39,1,1,0,0.7,20727,d100_hh65,head
d7,d100_493,rural_worker,39,1,1,0,0.7,20727,d100_hh65,head
d13,d100_493,rural_worker,39,1,1,0,0.7,20727,d100_hh65,head
d11,d100_493,rural_worker,39,1,1,0,0.7,20727,d100_hh65,head
d11,d100_493,rural_worker,39,1,1,0,0.7,20727,d100_hh65,head
d15,d100_493,rural_worker,39,1,1,0,0.7,20727,d100_hh65,head
d15,d100_493,rural_worker,39,1,1,0,0.7,20727,d100_hh65,head
d15,d100_493,rural_worker,39,1,1,0,0.7,20727,d100_hh65,head
d15,d100_493,rural_worker,39,1,1,0,0.7,20727,d100_hh65,head
d21,d100_493,rural_worker,39,1,1,0,0.7,20727,d100_hh65,head
d19,d100_493,rural_worker,39,1,1,0,0.7,20727,d100_hh65,head
d26,d100_493,rural_worker,39,1,1,0,0.7,20727,d100_hh65,head
d48,d100_493,rural_worker,39,1,1,0,0.7,20727,d100_hh65,head
d48,d100_493,rural_worker,39,1,1,0,0.7,20727,d100_hh65,head
d32,d100_493,rural_worker,39,1,1,0,0.7,20727,d100_hh65,head
d30,d100_493,rural_worker,39,1,1,0,0.7,20727,d100_hh65,head
d43,d100_493,rural_worker,39,1,1,0,0.7,20727,d100_hh65,head
d41,d100_493,rural_worker,39,1,1,0,0.7,20727,d100_hh65,head
d50,d100_493,rural_worker,39,1,1,0,0.7,20727,d100_hh65,head
d50,d100_493,rural_worker,39,1,1,0,0.7,20727,d100_hh65,head
d52,d100_493,rural_worker,39,1,1,0,0.7,20727,d100_hh65,head
d53,d100_493,rural_worker,39,1,1,0,0.7,20727,d100_hh65,head
d53,d100_493,rural_worker,39,1,1,0,0.7,20727,d100_hh65,head
d33,d100_493,rural_worker,39,1,1,0,0.7,20727,d100_hh65,head
d55,d100_493,rural_worker,39,1,1,0,0.7,20727,d100_hh65,head
d56,d100_493,rural_worker,39,1,1,0,0.7,20727,d100_hh65,head
d46,d100_493,rural_worker,39,1,1,0,0.7,20727,d100_hh65,head
d59,d100_493,rural_worker,39,1,1,0,0.7,20727,d100_hh65,head
d67,d100_493,rural_worker,39,1,1,0,0.7,20727,d100_hh65,head
d73,d100_493,rural_worker,39,1,1,0,0.7,20727,d100_hh65,head
d72,d100_493,rural_worker,39,1,1,0,0.7,20727,d100_hh65,head
d74,d100_493,rural_worker,39,1,1,0,0.7,20727,d100_hh65,head
d74,d100_493,rural_worker,39,1,1,0,0.7,20727,d100_hh65,head
d77,d100_493,rural_worker,39,1,1,0,0.7,20727,d100_hh65,head
d80,d100_493,rural_worker,39,1,1,0,0.7,20727,d100_hh65,head
d97,d100_493,rural_worker,39,1,1,0,0.7,20727,d100_hh65,head
d97,d100_493,rural_worker,39,1,1,0,0.7,20727,d100_hh65,head
d91,d100_493,rural_worker,39,1,1,0,0.7,20727,d100_hh65,head
d88,d100_493,rural_worker,39,1,1,0,0.7,20727,d100_hh65,head
d88,d100_493,rural_worker,39,1,1,0,0.7,20727,d100_hh65,head
d106,d100_493,rural_worker,39,1,1,0,0.7,20727,d100_hh65,head
d39,d100_493,rural_worker,39,1,1,0,0.7,20727,d100_hh65,head
d81,d100_493,rural_worker,39,1,1,0,0.7,20727,d100_hh65,head
d81,d100_493,rural_worker,39,1,1,0,0.7,20727,d100_hh65,head
d111,d100_493,rural_worker,39,1,1,0,0.7,20727,d100_hh65,head
d124,d100_493,rural_worker,39,1,1,0,0.7,20727,d100_hh65,head
d117,d100_493,rural_worker,39,1,1,0,0.7,20727,d100_hh65,head
d123,d100_493,rural_worker,39,1,1,0,0.7,20727,d100_hh65,head
d99,d100_493,rural_worker,39,1,1,0,0.7,20727,d100_hh65,head
d133,d100_493,rural_worker,39,1,1,0,0.7,20727,d100_hh65,head
d135,d100_493,rural_worker,39,1,1,0,0.7,20727,d100_hh65,head
d135,d100_493,rural_worker,39,1,1,0,0.7,20727,d100_hh65,head
d128,d100_493,rural_worker,39,1,1,0,0.7,20727,d100_hh65,head
d134,d100_493,rural_worker,39,1,1,0,0.7,20727,d100_hh65,head
d134,d100_493,rural_worker,39,1,1,0,0.7,20727,d100_hh65,head
d155,d100_493,rural_worker,39,1,1,0,0.7,20727,d100_hh65,head
d150,d100_493,rural_worker,39,1,1,0,0.7,20727,d100_hh65,head
d150,d100_493,rural_worker,39,1,1,0,0.7,20727,d100_hh65,head
d154,d100_493,rural_worker,39,1,1,0,0.7,20727,d100_hh65,head
d161,d100_493,rural_worker,39,1,1,0,0.7,20727,d100_hh65,head
d161,d100_493,rural_worker,39,1,1,0,0.7,20727,d100_hh65,head
d163,d100_493,rural_worker,39,1,1,0,0.7,20727,d100_hh65,head
d163,d100_493,rural_worker,39,1,1,0,0.7,20727,d100_hh65,head
d126,d100_493,rural_worker,39,1,1,0,0.7,20727,d100_hh65,head
d166,d100_493,rural_worker,39,1,1,0,0.7,20727,d100_hh65,head
d178,d100_493,rural_worker,39,1,1,0,0.7,20727,d100_hh65,head
d178,d100_493,rural_worker,39,1,1,0,0.7,20727,d100_hh65,head
d132,d100_493,rural_worker,39,1,1,0,0.7,20727,d100_hh65,head
d182,d100_493,rural_worker,39,1,1,0,0.7,20727,d100_hh65,head
d173,d100_493,rural_worker,39,1,1,0,0.7,20727,d100_hh65,head
d190,d100_493,rural_worker,39,1,1,0,0.7,20727,d100_hh65,head
d191,d100_493,rural_worker,39,1,1,0,0.7,20727,d100_hh65,head
d191,d100_493,rural_worker,39,1,1,0,0.7,20727,d100_hh65,head
d179,d100_493,rural_worker,39,1,1,0,0.7,20727,d100_hh65,head
d183,d100_493,rural_worker,39,1,1,0,0.7,20727,d100_hh65,head
d197,d100_493,rural_worker,39,1,1,0,0.7,20727,d100_hh65,head
d200,d100_493,rural_worker,39,1,1,0,0.7,20727,d100_hh65,head
d200,d100_493,rural_worker,39,1,1,0,0.7,20727,d100_hh65,head
d200,d100_493,rural_worker,39,1,1,0,0.7,20727,d100_hh65,head
d198,d100_493,rural_worker,39,1,1,0,0.7,20727,d100_hh65,head
d213,d100_493,rural_worker,39,1,1,0,0.7,20727,d100_hh65,head
d213,d100_493,rural_worker,39,1,1,0,0.7,20727,d100_hh65,head
d168,d100_493,rural_worker,39,1,1,0,0.7,20727,d100_hh65,head
d171,d100_493,rural_worker,39,1,1,0,0.7,20727,d100_hh65,head
d171,d100_493,rural_worker,39,1,1,0,0.7,20727,d100_hh65,head
d137,d100_493,rural_worker,39,1,1,0,0.7,20727,d100_hh65,head
d202,d100_493,rural_worker,39,1,1,0,0.7,20727,d100_hh65,head
d214,d100_493,rural_worker,39,1,1,0,0.7,20727,d100_hh65,head
d208,d100_493,rural_worker,39,1,1,0,0.7,20727,d100_hh65,head
d207,d100_493,rural_worker,39,1,1,0,0.7,20727,d100_hh65,head
d4,d101_384,middle_class,38,4,1,0,0.7,27952,d101_hh182,head
d5,d101_384,middle_class,38,4,1,0,0.7,27952,d101_hh182,head
d1,d101_384,middle_class,38,4,1,0,0.7,27952,d101_hh182,head
d1,d101_384,middle_class,38,4,1,0,0.7,27952,d101_hh182,head
d20,d101_384,middle_class,38,4,1,0,0.7,27952,d101_hh182,head
d20,d101_384,middle_class,38,4,1,0,0.7,27952,d101_hh182,head
d17,d101_384,middle_class,38,4,1,0,0.7,27952,d101_hh182,head
d18,d101_384,middle_class,38,4,1,0,0.7,27952,d101_hh182,head
d19,d101_384,middle_class,38,4,1,0,0.7,27952,d101_hh182,head
d31,d101_384,middle_class,38,4,1,0,0.7,27952,d101_hh182,head
d31,d101_384,middle_class,38,4,1,0,0.7,27952,d101_hh182,head
d26,d101_384,middle_class,38,4,1,0,0.7,27952,d101_hh182,head
d26,d101_384,middle_class,38,4,1,0,0.7,27952,d101_hh182,head
d34,d101_384,middle_class,38,4,1,0,0.7,27952,d101_hh182,head
d52,d101_384,middle_class,38,4,1,0,0.7,27952,d101_hh182,head
d54,d101_384,middle_class,38,4,1,0,0.7,27952,d101_hh182,head
d55,d101_384,middle_class,38,4,1,0,0.7,27952,d101_hh182,head
d62,d101_384,middle_class,38,4,1,0,0.7,27952,d101_hh182,head
d62,d101_384,middle_class,38,4,1,0,0.7,27952,d101_hh182,head
d59,d101_384,middle_class,38,4,1,0,0.7,27952,d101_hh182,head
d67,d101_384,middle_class,38,4,1,0,0.7,27952,d101_hh182,head
d65,d101_384,middle_class,38,4,1,0,0.7,27952,d101_hh182,head
d40,d101_384,middle_class,38,4,1,0,0.7,27952,d101_hh182,head
d72,d101_384,middle_class,38,4,1,0,0.7,27952,d101_hh182,head
d69,d101_384,middle_class,38,4,1,0,0.7,27952,d101_hh182,head
d78,d101_384,middle_class,38,4,1,0,0.7,27952,d101_hh182,head
d75,d101_384,middle_class,38,4,1,0,0.7,27952,d101_hh182,head
d75,d101_384,middle_class,38,4,1,0,0.7,27952,d101_hh182,head
d75,d101_384,middle_class,38,4,1,0,0.7,27952,d101_hh182,head
d66,d101_384,middle_class,38,4,1,0,0.7,27952,d101_hh182,head
d96,d101_384,middle_class,38,4,1,0,0.7,27952,d101_hh182,head
d101,d101_384,middle_class,38,4,1,0,0.7,27952,d101_hh182,head
d88,d101_384,middle_class,38,4,1,0,0.7,27952,d101_hh182,head
d104,d101_384,middle_class,38,4,1,0,0.7,27952,d101_hh182,head
d98,d101_384,middle_class,38,4,1,0,0.7,27952,d101_hh182,head
d106,d101_384,middle_class,38,4,1,0,0.7,27952,d101_hh182,head
d106,d101_384,middle_class,38,4,1,0,0.7,27952,d101_hh182,head
d106,d101_384,middle_class,38,4,1,0,0.7,27952,d101_hh182,head
d35,d101_384,middle_class,38,4,1,0,0.7,27952,d101_hh182,head
d109,d101_384,middle_class,38,4,1,0,0.7,27952,d101_hh182,head
d114,d101_384,middle_class,38,4,1,0,0.7,27952,d101_hh182,head
d81,d101_384,middle_class,38,4,1,0,0.7,27952,d101_hh182,head
d81,d101_384,middle_class,38,4,1,0,0.7,27952,d101_hh182,head
d118,d101_384,middle_class,38,4,1,0,0.7,27952,d101_hh182,head
d95,d101_384,middle_class,38,4,1,0,0.7,27952,d101_hh182,head
d124,d101_384,middle_class,38,4,1,0,0.7,27952,d101_hh182,head
d122,d101_384,middle_class,38,4,1,0,0.7,27952,d101_hh182,head
d122,d101_384,middle_class,38,4,1,0,0.7,27952,d101_hh182,head
d133,d101_384,middle_class,38,4,1,0,0.7,27952,d101_hh182,head
d138,d101_384,middle_class,38,4,1,0,0.7,27952,d101_hh182,head
d149,d101_384,middle_class,38,4,1,0,0.7,27952,d101_hh182,head
d152,d101_384,middle_class,38,4,1,0,0.7,27952,d101_hh182,head
d146,d101_384,middle_class,38,4,1,0,0.7,27952,d101_hh182,head
d158,d101_384,middle_class,38,4,1,0,0.7,27952,d101_hh182,head
d162,d101_384,middle_class,38,4,1,0,0.7,27952,d101_hh182,head
d165,d101_384,middle_class,38,4,1,0,0.7,27952,d101_hh182,head
d169,d101_384,middle_class,38,4,1,0,0.7,27952,d101_hh182,head
d169,d101_384,middle_class,38,4,1,0,0.7,27952,d101_hh182,head
d163,d101_384,middle_class,38,4,1,0,0.7,27952,d101_hh182,head
d163,d101_384,middle_class,38,4,1,0,0.7,27952,d101_hh182,head
d126,d101_384,middle_class,38,4,1,0,0.7,27952,d101_hh182,head
d166,d101_384,middle_class,38,4,1,0,0.7,27952,d101_hh182,head
d177,d101_384,middle_class,38,4,1,0,0.7,27952,d101_hh182,head
d132,d101_384,middle_class,38,4,1,0,0.7,27952,d101_hh182,head
d187,d101_384,middle_class,38,4,1,0,0.7,27952,d101_hh182,head
d175,d101_384,middle_class,38,4,1,0,0.7,27952,d101_hh182,head
d175,d101_384,middle_class,38,4,1,0,0.7,27952,d101_hh182,head
d175,d101_384,middle_class,38,4,1,0,0.7,27952,d101_hh182,head
d190,d101_384,middle_class,38,4,1,0,0.7,27952,d101_hh182,head
d191,d101_384,middle_class,38,4,1,0,0.7,27952,d101_hh182,head
d140,d101_384,middle_class,38,4,1,0,0.7,27952,d101_hh182,head
d179,d101_384,middle_class,38,4,1,0,0.7,27952,d101_hh182,head
d183,d101_384,middle_class,38,4,1,0,0.7,27952,d101_hh182,head
d197,d101_384,middle_class,38,4,1,0,0.7,27952,d101_hh182,head
d197,d101_384,middle_class,38,4,1,0,0.7,27952,d101_hh182,head
d193,d101_384,middle_class,38,4,1,0,0.7,27952,d101_hh182,head
d200,d101_384,middle_class,38,4,1,0,0.7,27952,d101_hh182,head
d198,d101_384,middle_class,38,4,1,0,0.7,27952,d101_hh182,head
d210,d101_384,middle_class,38,4,1,0,0.7,27952,d101_hh182,head
d168,d101_384,middle_class,38,4,1,0,0.7,27952,d101_hh182,head
d168,d101_384,middle_class,38,4,1,0,0.7,27952,d101_hh182,head
d171,d101_384,middle_class,38,4,1,0,0.7,27952,d101_hh182,head
d170,d101_384,middle_class,38,4,1,0,0.7,27952,d101_hh182,head
d170,d101_384,middle_class,38,4,1,0,0.7,27952,d101_hh182,head
d204,d101_384,middle_class,38,4,1,0,0.7,27952,d101_hh182,head
d204,d101_384,middle_class,38,4,1,0,0.7,27952,d101_hh182,head
d214,d101_384,middle_class,38,4,1,0,0.7,27952,d101_hh182,head
d205,d101_384,middle_class,38,4,1,0,0.7,27952,d101_hh182,head
d2,d101_167,working_class,47,3,0,0,0.65,22222,d101_hh186,head
d2,d101_167,working_class,47,3,0,0,0.65,22222,d101_hh186,head
d5,d101_167,working_class,47,3,0,0,0.65,22222,d101_hh186,head
d5,d101_167,working_class,47,3,0,0,0.65,22222,d101_hh186,head
d12,d101_167,working_class,47,3,0,0,0.65,22222,d101_hh186,head
d13,d101_167,working_class,47,3,0,0,0.65,22222,d101_hh186,head
d13,d101_167,working_class,47,3,0,0,0.65,22222,d101_hh186,head
d16,d101_167,working_class,47,3,0,0,0.65,22222,d101_hh186,head
d17,d101_167,working_class,47,3,0,0,0.65,22222,d101_hh186,head
d18,d101_167,working_class,47,3,0,0,0.65,22222,d101_hh186,head
d24,d101_167,working_class,47,3,0,0,0.65,22222,d101_hh186,head
d31,d101_167,working_class,47,3,0,0,0.65,22222,d101_hh186,head
d48,d101_167,working_class,47,3,0,0,0.65,22222,d101_hh186,head
d32,d101_167,working_class,47,3,0,0,0.65,22222,d101_hh186,head
d42,d101_167,working_class,47,3,0,0,0.65,22222,d101_hh186,head
d50,d101_167,working_class,47,3,0,0,0.65,22222,d101_hh186,head
d33,d101_167,working_class,47,3,0,0,0.65,22222,d101_hh186,head
d55,d101_167,working_class,47,3,0,0,0.65,22222,d101_hh186,head
d55,d101_167,working_class,47,3,0,0,0.65,22222,d101_hh186,head
d57,d101_167,working_class,47,3,0,0,0.65,22222,d101_hh186,head
d57,d101_167,working_class,47,3,0,0,0.65,22222,d101_hh186,head
d57,d101_167,working_class,47,3,0,0,0.65,22222,d101_hh186,head
d59,d101_167,working_class,47,3,0,0,0.65,22222,d101_hh186,head
d59,d101_167,working_class,47,3,0,0,0.65,22222,d101_hh186,head
d59,d101_167,working_class,47,3,0,0,0.65,22222,d101_hh186,head
d59,d101_167,working_class,47,3,0,0,0.65,22222,d101_hh186,head
d61,d101_167,working_class,47,3,0,0,0.65,22222,d101_hh186,head
d61,d101_167,working_class,47,3,0,0,0.65,22222,d101_hh186,head
d61,d101_167,working_class,47,3,0,0,0.65,22222,d101_hh186,head
d40,d101_167,working_class,47,3,0,0,0.65,22222,d101_hh186,head
d69,d101_167,working_class,47,3,0,0,0.65,22222,d101_hh186,head
d77,d101_167,working_class,47,3,0,0,0.65,22222,d101_hh186,head
d80,d101_167,working_class,47,3,0,0,0.65,22222,d101_hh186,head
d78,d101_167,working_class,47,3,0,0,0.65,22222,d101_hh186,head
d66,d101_167,working_class,47,3,0,0,0.65,22222,d101_hh186,head
d66,d101_167,working_class,47,3,0,0,0.65,22222,d101_hh186,head
d87,d101_167,working_class,47,3,0,0,0.65,22222,d101_hh186,head
d87,d101_167,working_class,47,3,0,0,0.65,22222,d101_hh186,head
d85,d101_167,working_class,47,3,0,0,0.65,22222,d101_hh186,head
d97,d101_167,working_class,47,3,0,0,0.65,22222,d101_hh186,head
d101,d101_167,working_class,47,3,0,0,0.65,22222,d101_hh186,head
d101,d101_167,working_class,47,3,0,0,0.65,22222,d101_hh186,head
d101,d101_167,working_class,47,3,0,0,0.65,22222,d101_hh186,head
d101,d101_167,working_class,47,3,0,0,0.65,22222,d101_hh186,head
d88,d101_167,working_class,47,3,0,0,0.65,22222,d101_hh186,head
d104,d101_167,working_class,47,3,0,0,0.65,22222,d101_hh186,head
d98,d101_167,working_class,47,3,0,0,0.65,22222,d101_hh186,head
d113,d101_167,working_class,47,3,0,0,0.65,22222,d101_hh186,head
d112,d101_167,working_class,47,3,0,0,0.65,22222,d101_hh186,head
d39,d101_167,working_class,47,3,0,0,0.65,22222,d101_hh186,head
d39,d101_167,working_class,47,3,0,0,0.65,22222,d101_hh186,head
d81,d101_167,working_class,47,3,0,0,0.65,22222,d101_hh186,head
d111,d101_167,working_class,47,3,0,0,0.65,22222,d101_hh186,head
d118,d101_167,working_class,47,3,0,0,0.65,22222,d101_hh186,head
d95,d101_167,working_class,47,3,0,0,0.65,22222,d101_hh186,head
d95,d101_167,working_class,47,3,0,0,0.65,22222,d101_hh186,head
d122,d101_167,working_class,47,3,0,0,0.65,22222,d101_hh186,head
d83,d101_167,working_class,47,3,0,0,0.65,22222,d101_hh186,head
d99,d101_167,working_class,47,3,0,0,0.65,22222,d101_hh186,head
d38,d101_167,working_class,47,3,0,0,0.65,22222,d101_hh186,head
d38,d101_167,working_class,47,3,0,0,0.65,22222,d101_hh186,head
d38,d101_167,working_class,47,3,0,0,0.65,22222,d101_hh186,head
d38,d101_167,working_class,47,3,0,0,0.65,22222,d101_hh186,head
d143,d101_167,working_class,47,3,0,0,0.65,22222,d101_hh186,head
d143,d101_167,working_class,47,3,0,0,0.65,22222,d101_hh186,head
d135,d101_167,working_class,47,3,0,0,0.65,22222,d101_hh186,head
d141,d101_167,working_class,47,3,0,0,0.65,22222,d101_hh186,head
d138,d101_167,working_class,47,3,0,0,0.65,22222,d101_hh186,head
d152,d101_167,working_class,47,3,0,0,0.65,22222,d101_hh186,head
d152,d101_167,working_class,47,3,0,0,0.65,22222,d101_hh186,head
d158,d101_167,working_class,47,3,0,0,0.65,22222,d101_hh186,head
d154,d101_167,working_class,47,3,0,0,0.65,22222,d101_hh186,head
d162,d101_167,working_class,47,3,0,0,0.65,22222,d101_hh186,head
d162,d101_167,working_class,47,3,0,0,0.65,22222,d101_hh186,head
d126,d101_167,working_class,47,3,0,0,0.65,22222,d101_hh186,head
d147,d101_167,working_class,47,3,0,0,0.65,22222,d101_hh186,head
d147,d101_167,working_class,47,3,0,0,0.65,22222,d101_hh186,head
d166,d101_167,working_class,47,3,0,0,0.65,22222,d101_hh186,head
d177,d101_167,working_class,47,3,0,0,0.65,22222,d101_hh186,head
d177,d101_167,working_class,47,3,0,0,0.65,22222,d101_hh186,head
d182,d101_167,working_class,47,3,0,0,0.65,22222,d101_hh186,head
d173,d101_167,working_class,47,3,0,0,0.65,22222,d101_hh186,head
d174,d101_167,working_class,47,3,0,0,0.65,22222,d101_hh186,head
d175,d101_167,working_class,47,3,0,0,0.65,22222,d101_hh186,head
d195,d101_167,working_class,47,3,0,0,0.65,22222,d101_hh186,head
d195,d101_167,working_class,47,3,0,0,0.65,22222,d101_hh186,head
d179,d101_167,working_class,47,3,0,0,0.65,22222,d101_hh186,head
d179,d101_167,working_class,47,3,0,0,0.65,22222,d101_hh186,head
d183,d101_167,working_class,47,3,0,0,0.65,22222,d101_hh186,head
d183,d101_167,working_class,47,3,0,0,0.65,22222,d101_hh186,head
d183,d101_167,working_class,47,3,0,0,0.65,22222,d101_hh186,head
d193,d101_167,working_class,47,3,0,0,0.65,22222,d101_hh186,head
d186,d101_167,working_class,47,3,0,0,0.65,22222,d101_hh186,head
d186,d101_167,working_class,47,3,0,0,0.65,22222,d101_hh186,head
d156,d101_167,working_class,47,3,0,0,0.65,22222,d101_hh186,head
d156,d101_167,working_class,47,3,0,0,0.65,22222,d101_hh186,head
d156,d101_167,working_class,47,3,0,0,0.65,22222,d101_hh186,head
d210,d101_167,working_class,47,3,0,0,0.65,22222,d101_hh186,head
d171,d101_167,working_class,47,3,0,0,0.65,22222,d101_hh186,head
d202,d101_167,working_class,47,3,0,0,0.65,22222,d101_hh186,head
d202,d101_167,working_class,47,3,0,0,0.65,22222,d101_hh186,head
d214,d101_167,working_class,47,3,0,0,0.65,22222,d101_hh186,head
d214,d101_167,working_class,47,3,0,0,0.65,22222,d101_hh186,head
d205,d101_167,working_class,47,3,0,0,0.65,22222,d101_hh186,head
d4,d102_512,farmer_agricultural,67,2,0,0,0.75,60046,d102_hh228,head
d5,d102_512,farmer_agricultural,67,2,0,0,0.75,60046,d102_hh228,head
d12,d102_512,farmer_agricultural,67,2,0,0,0.75,60046,d102_hh228,head
d13,d102_512,farmer_agricultural,67,2,0,0,0.75,60046,d102_hh228,head
d16,d102_512,farmer_agricultural,67,2,0,0,0.75,60046,d102_hh228,head
d11,d102_512,farmer_agricultural,67,2,0,0,0.75,60046,d102_hh228,head
d11,d102_512,farmer_agricultural,67,2,0,0,0.75,60046,d102_hh228,head
d23,d102_512,farmer_agricultural,67,2,0,0,0.75,60046,d102_hh228,head
d24,d102_512,farmer_agricultural,67,2,0,0,0.75,60046,d102_hh228,head
d26,d102_512,farmer_agricultural,67,2,0,0,0.75,60046,d102_hh228,head
d48,d102_512,farmer_agricultural,67,2,0,0,0.75,60046,d102_hh228,head
d32,d102_512,farmer_agricultural,67,2,0,0,0.75,60046,d102_hh228,head
d42,d102_512,farmer_agricultural,67,2,0,0,0.75,60046,d102_hh228,head
d30,d102_512,farmer_agricultural,67,2,0,0,0.75,60046,d102_hh228,head
d43,d102_512,farmer_agricultural,67,2,0,0,0.75,60046,d102_hh228,head
d43,d102_512,farmer_agricultural,67,2,0,0,0.75,60046,d102_hh228,head
d41,d102_512,farmer_agricultural,67,2,0,0,0.75,60046,d102_hh228,head
d41,d102_512,farmer_agricultural,67,2,0,0,0.75,60046,d102_hh228,head
d50,d102_512,farmer_agricultural,67,2,0,0,0.75,60046,d102_hh228,head
d52,d102_512,farmer_agricultural,67,2,0,0,0.75,60046,d102_hh228,head
d54,d102_512,farmer_agricultural,67,2,0,0,0.75,60046,d102_hh228,head
d55,d102_512,farmer_agricultural,67,2,0,0,0.75,60046,d102_hh228,head
d46,d102_512,farmer_agricultural,67,2,0,0,0.75,60046,d102_hh228,head
d46,d102_512,farmer_agricultural,67,2,0,0,0.75,60046,d102_hh228,head
d59,d102_512,farmer_agricultural,67,2,0,0,0.75,60046,d102_hh228,head
d67,d102_512,farmer_agricultural,67,2,0,0,0.75,60046,d102_hh228,head
d67,d102_512,farmer_agricultural,67,2,0,0,0.75,60046,d102_hh228,head
d67,d102_512,farmer_agricultural,67,2,0,0,0.75,60046,d102_hh228,head
d67,d102_512,farmer_agricultural,67,2,0,0,0.75,60046,d102_hh228,head
d61,d102_512,farmer_agricultural,67,2,0,0,0.75,60046,d102_hh228,head
d61,d102_512,farmer_agricultural,67,2,0,0,0.75,60046,d102_hh228,head
d51,d102_512,farmer_agricultural,67,2,0,0,0.75,60046,d102_hh228,head
d51,d102_512,farmer_agricultural,67,2,0,0,0.75,60046,d102_hh228,head
d36,d102_512,farmer_agricultural,67,2,0,0,0.75,60046,d102_hh228,head
d77,d102_512,farmer_agricultural,67,2,0,0,0.75,60046,d102_hh228,head
d80,d102_512,farmer_agricultural,67,2,0,0,0.75,60046,d102_hh228,head
d66,d102_512,farmer_agricultural,67,2,0,0,0.75,60046,d102_hh228,head
d87,d102_512,farmer_agricultural,67,2,0,0,0.75,60046,d102_hh228,head
d82,d102_512,farmer_agricultural,67,2,0,0,0.75,60046,d102_hh228,head
d85,d102_512,farmer_agricultural,67,2,0,0,0.75,60046,d102_hh228,head
d97,d102_512,farmer_agricultural,67,2,0,0,0.75,60046,d102_hh228,head
d29,d102_512,farmer_agricultural,67,2,0,0,0.75,60046,d102_hh228,head
d88,d102_512,farmer_agricultural,67,2,0,0,0.75,60046,d102_hh228,head
d100,d102_512,farmer_agricultural,67,2,0,0,0.75,60046,d102_hh228,head
d106,d102_512,farmer_agricultural,67,2,0,0,0.75,60046,d102_hh228,head
d106,d102_512,farmer_agricultural,67,2,0,0,0.75,60046,d102_hh228,head
d109,d102_512,farmer_agricultural,67,2,0,0,0.75,60046,d102_hh228,head
d110,d102_512,farmer_agricultural,67,2,0,0,0.75,60046,d102_hh228,head
d81,d102_512,farmer_agricultural,67,2,0,0,0.75,60046,d102_hh228,head
d111,d102_512,farmer_agricultural,67,2,0,0,0.75,60046,d102_hh228,head
d118,d102_512,farmer_agricultural,67,2,0,0,0.75,60046,d102_hh228,head
d122,d102_512,farmer_agricultural,67,2,0,0,0.75,60046,d102_hh228,head
d117,d102_512,farmer_agricultural,67,2,0,0,0.75,60046,d102_hh228,head
d120,d102_512,farmer_agricultural,67,2,0,0,0.75,60046,d102_hh228,head
d120,d102_512,farmer_agricultural,67,2,0,0,0.75,60046,d102_hh228,head
d123,d102_512,farmer_agricultural,67,2,0,0,0.75,60046,d102_hh228,head
d83,d102_512,farmer_agricultural,67,2,0,0,0.75,60046,d102_hh228,head
d99,d102_512,farmer_agricultural,67,2,0,0,0.75,60046,d102_hh228,head
d125,d102_512,farmer_agricultural,67,2,0,0,0.75,60046,d102_hh228,head
d38,d102_512,farmer_agricultural,67,2,0,0,0.75,60046,d102_hh228,head
d133,d102_512,farmer_agricultural,67,2,0,0,0.75,60046,d102_hh228,head
d128,d102_512,farmer_agricultural,67,2,0,0,0.75,60046,d102_hh228,head
d128,d102_512,farmer_agricultural,67,2,0,0,0.75,60046,d102_hh228,head
d134,d102_512,farmer_agricultural,67,2,0,0,0.75,60046,d102_hh228,head
d155,d102_512,farmer_agricultural,67,2,0,0,0.75,60046,d102_hh228,head
d150,d102_512,farmer_agricultural,67,2,0,0,0.75,60046,d102_hh228,head
d150,d102_512,farmer_agricultural,67,2,0,0,0.75,60046,d102_hh228,head
d131,d102_512,farmer_agricultural,67,2,0,0,0.75,60046,d102_hh228,head
d159,d102_512,farmer_agricultural,67,2,0,0,0.75,60046,d102_hh228,head
d163,d102_512,farmer_agricultural,67,2,0,0,0.75,60046,d102_hh228,head
d126,d102_512,farmer_agricultural,67,2,0,0,0.75,60046,d102_hh228,head
d147,d102_512,farmer_agricultural,67,2,0,0,0.75,60046,d102_hh228,head
d147,d102_512,farmer_agricultural,67,2,0,0,0.75,60046,d102_hh228,head
d166,d102_512,farmer_agricultural,67,2,0,0,0.75,60046,d102_hh228,head
d173,d102_512,farmer_agricultural,67,2,0,0,0.75,60046,d102_hh228,head
d139,d102_512,farmer_agricultural,67,2,0,0,0.75,60046,d102_hh228,head
d139,d102_512,farmer_agricultural,67,2,0,0,0.75,60046,d102_hh228,head
d187,d102_512,farmer_agricultural,67,2,0,0,0.75,60046,d102_hh228,head
d191,d102_512,farmer_agricultural,67,2,0,0,0.75,60046,d102_hh228,head
d140,d102_512,farmer_agricultural,67,2,0,0,0.75,60046,d102_hh228,head
d140,d102_512,farmer_agricultural,67,2,0,0,0.75,60046,d102_hh228,head
d183,d102_512,farmer_agricultural,67,2,0,0,0.75,60046,d102_hh228,head
d183,d102_512,farmer_agricultural,67,2,0,0,0.75,60046,d102_hh228,head
d156,d102_512,farmer_agricultural,67,2,0,0,0.75,60046,d102_hh228,head
d209,d102_512,farmer_agricultural,67,2,0,0,0.75,60046,d102_hh228,head
d198,d102_512,farmer_agricultural,67,2,0,0,0.75,60046,d102_hh228,head
d198,d102_512,farmer_agricultural,67,2,0,0,0.75,60046,d102_hh228,head
d198,d102_512,farmer_agricultural,67,2,0,0,0.75,60046,d102_hh228,head
d210,d102_512,farmer_agricultural,67,2,0,0,0.75,60046,d102_hh228,head
d170,d102_512,farmer_agricultural,67,2,0,0,0.75,60046,d102_hh228,head
d215,d102_512,farmer_agricultural,67,2,0,0,0.75,60046,d102_hh228,head
d137,d102_512,farmer_agricultural,67,2,0,0,0.75,60046,d102_hh228,head
d137,d102_512,farmer_agricultural,67,2,0,0,0.75,60046,d102_hh228,head
d202,d102_512,farmer_agricultural,67,2,0,0,0.75,60046,d102_hh228,head
d204,d102_512,farmer_agricultural,67,2,0,0,0.75,60046,d102_hh228,head
d214,d102_512,farmer_agricultural,67,2,0,0,0.75,60046,d102_hh228,head
d207,d102_512,farmer_agricultural,67,2,0,0,0.75,60046,d102_hh228,head
d207,d102_512,farmer_agricultural,67,2,0,0,0.75,60046,d102_hh228,head
d207,d102_512,farmer_agricultural,67,2,0,0,0.75,60046,d102_hh228,head
d184,d102_512,farmer_agricultural,67,2,0,0,0.75,60046,d102_hh228,head
d4,d102_421,rural_worker,57,1,0,0,0.7,32389,d102_hh284,head
d4,d102_179,retired,77,0,0,0,0.3,11669,d102_hh284,partner
d5,d102_421,rural_worker,57,1,0,0,0.7,32389,d102_hh284,head
d5,d102_179,retired,77,0,0,0,0.3,11669,d102_hh284,partner
d5,d102_421,rural_worker,57,1,0,0,0.7,32389,d102_hh284,head
d5,d102_179,retired,77,0,0,0,0.3,11669,d102_hh284,partner
d1,d102_421,rural_worker,57,1,0,0,0.7,32389,d102_hh284,head
d1,d102_179,retired,77,0,0,0,0.3,11669,d102_hh284,partner
d11,d102_421,rural_worker,57,1,0,0,0.7,32389,d102_hh284,head
d11,d102_179,retired,77,0,0,0,0.3,11669,d102_hh284,partner
d23,d102_421,rural_worker,57,1,0,0,0.7,32389,d102_hh284,head
d23,d102_179,retired,77,0,0,0,0.3,11669,d102_hh284,partner
d18,d102_421,rural_worker,57,1,0,0,0.7,32389,d102_hh284,head
d18,d102_179,retired,77,0,0,0,0.3,11669,d102_hh284,partner
d24,d102_421,rural_worker,57,1,0,0,0.7,32389,d102_hh284,head
d24,d102_179,retired,77,0,0,0,0.3,11669,d102_hh284,partner
d19,d102_421,rural_worker,57,1,0,0,0.7,32389,d102_hh284,head
d19,d102_179,retired,77,0,0,0,0.3,11669,d102_hh284,partner
d48,d102_421,rural_worker,57,1,0,0,0.7,32389,d102_hh284,head
d48,d102_179,retired,77,0,0,0,0.3,11669,d102_hh284,partner
d44,d102_421,rural_worker,57,1,0,0,0.7,32389,d102_hh284,head
d44,d102_179,retired,77,0,0,0,0.3,11669,d102_hh284,partner
d43,d102_421,rural_worker,57,1,0,0,0.7,32389,d102_hh284,head
d43,d102_179,retired,77,0,0,0,0.3,11669,d102_hh284,partner
d43,d102_421,rural_worker,57,1,0,0,0.7,32389,d102_hh284,head
d43,d102_179,retired,77,0,0,0,0.3,11669,d102_hh284,partner
d41,d102_421,rural_worker,57,1,0,0,0.7,32389,d102_hh284,head
d41,d102_179,retired,77,0,0,0,0.3,11669,d102_hh284,partner
d50,d102_421,rural_worker,57,1,0,0,0.7,32389,d102_hh284,head
d50,d102_179,retired,77,0,0,0,0.3,11669,d102_hh284,partner
d54,d102_421,rural_worker,57,1,0,0,0.7,32389,d102_hh284,head
d54,d102_179,retired,77,0,0,0,0.3,11669,d102_hh284,partner
d53,d102_421,rural_worker,57,1,0,0,0.7,32389,d102_hh284,head
d53,d102_179,retired,77,0,0,0,0.3,11669,d102_hh284,partner
d56,d102_421,rural_worker,57,1,0,0,0.7,32389,d102_hh284,head
d56,d102_179,retired,77,0,0,0,0.3,11669,d102_hh284,partner
d62,d102_421,rural_worker,57,1,0,0,0.7,32389,d102_hh284,head
d62,d102_179,retired,77,0,0,0,0.3,11669,d102_hh284,partner
d65,d102_421,rural_worker,57,1,0,0,0.7,32389,d102_hh284,head
d65,d102_179,retired,77,0,0,0,0.3,11669,d102_hh284,partner
d65,d102_421,rural_worker,57,1,0,0,0.7,32389,d102_hh284,head
d65,d102_179,retired,77,0,0,0,0.3,11669,d102_hh284,partner
d73,d102_421,rural_worker,57,1,0,0,0.7,32389,d102_hh284,head
d73,d102_179,retired,77,0,0,0,0.3,11669,d102_hh284,partner
d72,d102_421,rural_worker,57,1,0,0,0.7,32389,d102_hh284,head
d72,d102_179,retired,77,0,0,0,0.3,11669,d102_hh284,partner
d72,d102_421,rural_worker,57,1,0,0,0.7,32389,d102_hh284,head
d72,d102_179,retired,77,0,0,0,0.3,11669,d102_hh284,partner
d77,d102_421,rural_worker,57,1,0,0,0.7,32389,d102_hh284,head
d77,d102_179,retired,77,0,0,0,0.3,11669,d102_hh284,partner
d77,d102_421,rural_worker,57,1,0,0,0.7,32389,d102_hh284,head
d77,d102_179,retired,77,0,0,0,0.3,11669,d102_hh284,partner
d80,d102_421,rural_worker,57,1,0,0,0.7,32389,d102_hh284,head
d80,d102_179,retired,77,0,0,0,0.3,11669,d102_hh284,partner
d78,d102_421,rural_worker,57,1,0,0,0.7,32389,d102_hh284,head
d78,d102_179,retired,77,0,0,0,0.3,11669,d102_hh284,partner
d78,d102_421,rural_worker,57,1,0,0,0.7,32389,d102_hh284,head
d78,d102_179,retired,77,0,0,0,0.3,11669,d102_hh284,partner
d75,d102_421,rural_worker,57,1,0,0,0.7,32389,d102_hh284,head
d75,d102_179,retired,77,0,0,0,0.3,11669,d102_hh284,partner
d82,d102_421,rural_worker,57,1,0,0,0.7,32389,d102_hh284,head
d82,d102_179,retired,77,0,0,0,0.3,11669,d102_hh284,partner
d96,d102_421,rural_worker,57,1,0,0,0.7,32389,d102_hh284,head
d96,d102_179,retired,77,0,0,0,0.3,11669,d102_hh284,partner
d29,d102_421,rural_worker,57,1,0,0,0.7,32389,d102_hh284,head
d29,d102_179,retired,77,0,0,0,0.3,11669,d102_hh284,partner
d91,d102_421,rural_worker,57,1,0,0,0.7,32389,d102_hh284,head
d91,d102_179,retired,77,0,0,0,0.3,11669,d102_hh284,partner
d104,d102_421,rural_worker,57,1,0,0,0.7,32389,d102_hh284,head
d104,d102_179,retired,77,0,0,0,0.3,11669,d102_hh284,partner
d100,d102_421,rural_worker,57,1,0,0,0.7,32389,d102_hh284,head
d100,d102_179,retired,77,0,0,0,0.3,11669,d102_hh284,partner
d106,d102_421,rural_worker,57,1,0,0,0.7,32389,d102_hh284,head
d106,d102_179,retired,77,0,0,0,0.3,11669,d102_hh284,partner
d106,d102_421,rural_worker,57,1,0,0,0.7,32389,d102_hh284,head
d106,d102_179,retired,77,0,0,0,0.3,11669,d102_hh284,partner
d113,d102_421,rural_worker,57,1,0,0,0.7,32389,d102_hh284,head
d113,d102_179,retired,77,0,0,0,0.3,11669,d102_hh284,partner
d102,d102_421,rural_worker,57,1,0,0,0.7,32389,d102_hh284,head
d102,d102_179,retired,77,0,0,0,0.3,11669,d102_hh284,partner
d109,d102_421,rural_worker,57,1,0,0,0.7,32389,d102_hh284,head
d109,d102_179,retired,77,0,0,0,0.3,11669,d102_hh284,partner
d114,d102_421,rural_worker,57,1,0,0,0.7,32389,d102_hh284,head
d114,d102_179,retired,77,0,0,0,0.3,11669,d102_hh284,partner
d119,d102_421,rural_worker,57,1,0,0,0.7,32389,d102_hh284,head
d119,d102_179,retired,77,0,0,0,0.3,11669,d102_hh284,partner
d118,d102_421,rural_worker,57,1,0,0,0.7,32389,d102_hh284,head
d118,d102_179,retired,77,0,0,0,0.3,11669,d102_hh284,partner
d118,d102_421,rural_worker,57,1,0,0,0.7,32389,d102_hh284,head
d118,d102_179,retired,77,0,0,0,0.3,11669,d102_hh284,partner
d120,d102_421,rural_worker,57,1,0,0,0.7,32389,d102_hh284,head
d120,d102_179,retired,77,0,0,0,0.3,11669,d102_hh284,partner
d120,d102_421,rural_worker,57,1,0,0,0.7,32389,d102_hh284,head
d120,d102_179,retired,77,0,0,0,0.3,11669,d102_hh284,partner
d83,d102_421,rural_worker,57,1,0,0,0.7,32389,d102_hh284,head
d83,d102_179,retired,77,0,0,0,0.3,11669,d102_hh284,partner
d99,d102_421,rural_worker,57,1,0,0,0.7,32389,d102_hh284,head
d99,d102_179,retired,77,0,0,0,0.3,11669,d102_hh284,partner
d129,d102_421,rural_worker,57,1,0,0,0.7,32389,d102_hh284,head
d129,d102_179,retired,77,0,0,0,0.3,11669,d102_hh284,partner
d129,d102_421,rural_worker,57,1,0,0,0.7,32389,d102_hh284,head
d129,d102_179,retired,77,0,0,0,0.3,11669,d102_hh284,partner
d143,d102_421,rural_worker,57,1,0,0,0.7,32389,d102_hh284,head
d143,d102_179,retired,77,0,0,0,0.3,11669,d102_hh284,partner
d135,d102_421,rural_worker,57,1,0,0,0.7,32389,d102_hh284,head
d135,d102_179,retired,77,0,0,0,0.3,11669,d102_hh284,partner
d141,d102_421,rural_worker,57,1,0,0,0.7,32389,d102_hh284,head
d141,d102_179,retired,77,0,0,0,0.3,11669,d102_hh284,partner
d155,d102_421,rural_worker,57,1,0,0,0.7,32389,d102_hh284,head
d155,d102_179,retired,77,0,0,0,0.3,11669,d102_hh284,partner
d155,d102_421,rural_worker,57,1,0,0,0.7,32389,d102_hh284,head
d155,d102_179,retired,77,0,0,0,0.3,11669,d102_hh284,partner
d155,d102_421,rural_worker,57,1,0,0,0.7,32389,d102_hh284,head
d155,d102_179,retired,77,0,0,0,0.3,11669,d102_hh284,partner
d158,d102_421,rural_worker,57,1,0,0,0.7,32389,d102_hh284,head
d158,d102_179,retired,77,0,0,0,0.3,11669,d102_hh284,partner
d158,d102_421,rural_worker,57,1,0,0,0.7,32389,d102_hh284,head
d158,d102_179,retired,77,0,0,0,0.3,11669,d102_hh284,partner
d162,d102_421,rural_worker,57,1,0,0,0.7,32389,d102_hh284,head
d162,d102_179,retired,77,0,0,0,0.3,11669,d102_hh284,partner
d160,d102_421,rural_worker,57,1,0,0,0.7,32389,d102_hh284,head
d160,d102_179,retired,77,0,0,0,0.3,11669,d102_hh284,partner
d163,d102_421,rural_worker,57,1,0,0,0.7,32389,d102_hh284,head
d163,d102_179,retired,77,0,0,0,0.3,11669,d102_hh284,partner
d126,d102_421,rural_worker,57,1,0,0,0.7,32389,d102_hh284,head
d126,d102_179,retired,77,0,0,0,0.3,11669,d102_hh284,partner
d177,d102_421,rural_worker,57,1,0,0,0.7,32389,d102_hh284,head
d177,d102_179,retired,77,0,0,0,0.3,11669,d102_hh284,partner
d173,d102_421,rural_worker,57,1,0,0,0.7,32389,d102_hh284,head
d173,d102_179,retired,77,0,0,0,0.3,11669,d102_hh284,partner
d139,d102_421,rural_worker,57,1,0,0,0.7,32389,d102_hh284,head
d139,d102_179,retired,77,0,0,0,0.3,11669,d102_hh284,partner
d187,d102_421,rural_worker,57,1,0,0,0.7,32389,d102_hh284,head
d187,d102_179,retired,77,0,0,0,0.3,11669,d102_hh284,partner
d187,d102_421,rural_worker,57,1,0,0,0.7,32389,d102_hh284,head
d187,d102_179,retired,77,0,0,0,0.3,11669,d102_hh284,partner
d175,d102_421,rural_worker,57,1,0,0,0.7,32389,d102_hh284,head
d175,d102_179,retired,77,0,0,0,0.3,11669,d102_hh284,partner
d190,d102_421,rural_worker,57,1,0,0,0.7,32389,d102_hh284,head
d190,d102_179,retired,77,0,0,0,0.3,11669,d102_hh284,partner
d140,d102_421,rural_worker,57,1,0,0,0.7,32389,d102_hh284,head
d140,d102_179,retired,77,0,0,0,0.3,11669,d102_hh284,partner
d195,d102_421,rural_worker,57,1,0,0,0.7,32389,d102_hh284,head
d195,d102_179,retired,77,0,0,0,0.3,11669,d102_hh284,partner
d179,d102_421,rural_worker,57,1,0,0,0.7,32389,d102_hh284,head
d179,d102_179,retired,77,0,0,0,0.3,11669,d102_hh284,partner
d183,d102_421,rural_worker,57,1,0,0,0.7,32389,d102_hh284,head
d183,d102_179,retired,77,0,0,0,0.3,11669,d102_hh284,partner
d193,d102_421,rural_worker,57,1,0,0,0.7,32389,d102_hh284,head
d193,d102_179,retired,77,0,0,0,0.3,11669,d102_hh284,partner
d186,d102_421,rural_worker,57,1,0,0,0.7,32389,d102_hh284,head
d186,d102_179,retired,77,0,0,0,0.3,11669,d102_hh284,partner
d186,d102_421,rural_worker,57,1,0,0,0.7,32389,d102_hh284,head
d186,d102_179,retired,77,0,0,0,0.3,11669,d102_hh284,partner
d186,d102_421,rural_worker,57,1,0,0,0.7,32389,d102_hh284,head
d186,d102_179,retired,77,0,0,0,0.3,11669,d102_hh284,partner
d210,d102_421,rural_worker,57,1,0,0,0.7,32389,d102_hh284,head
d210,d102_179,retired,77,0,0,0,0.3,11669,d102_hh284,partner
d164,d102_421,rural_worker,57,1,0,0,0.7,32389,d102_hh284,head
d164,d102_179,retired,77,0,0,0,0.3,11669,d102_hh284,partner
d164,d102_421,rural_worker,57,1,0,0,0.7,32389,d102_hh284,head
d164,d102_179,retired,77,0,0,0,0.3,11669,d102_hh284,partner
d168,d102_421,rural_worker,57,1,0,0,0.7,32389,d102_hh284,head
d168,d102_179,retired,77,0,0,0,0.3,11669,d102_hh284,partner
d168,d102_421,rural_worker,57,1,0,0,0.7,32389,d102_hh284,head
d168,d102_179,retired,77,0,0,0,0.3,11669,d102_hh284,partner
d171,d102_421,rural_worker,57,1,0,0,0.7,32389,d102_hh284,head
d171,d102_179,retired,77,0,0,0,0.3,11669,d102_hh284,partner
d170,d102_421,rural_worker,57,1,0,0,0.7,32389,d102_hh284,head
d170,d102_179,retired,77,0,0,0,0.3,11669,d102_hh284,partner
d137,d102_421,rural_worker,57,1,0,0,0.7,32389,d102_hh284,head
d137,d102_179,retired,77,0,0,0,0.3,11669,d102_hh284,partner
d137,d102_421,rural_worker,57,1,0,0,0.7,32389,d102_hh284,head
d137,d102_179,retired,77,0,0,0,0.3,11669,d102_hh284,partner
d204,d102_421,rural_worker,57,1,0,0,0.7,32389,d102_hh284,head
d204,d102_179,retired,77,0,0,0,0.3,11669,d102_hh284,partner
d214,d102_421,rural_worker,57,1,0,0,0.7,32389,d102_hh284,head
d214,d102_179,retired,77,0,0,0,0.3,11669,d102_hh284,partner
d207,d102_421,rural_worker,57,1,0,0,0.7,32389,d102_hh284,head
d207,d102_179,retired,77,0,0,0,0.3,11669,d102_hh284,partner
d184,d102_421,rural_worker,57,1,0,0,0.7,32389,d102_hh284,head
d184,d102_179,retired,77,0,0,0,0.3,11669,d102_hh284,partner
d184,d102_421,rural_worker,57,1,0,0,0.7,32389,d102_hh284,head
d184,d102_179,retired,77,0,0,0,0.3,11669,d102_hh284,partner
d3,d103_500,affluent_professional,42,6,1,0,0.6,55308,d103_hh192,head
d3,d103_205,middle_class,49,6,1,0,0.7,47222,d103_hh192,partner
d9,d103_500,affluent_professional,42,6,1,0,0.6,55308,d103_hh192,head
d9,d103_205,middle_class,49,6,1,0,0.7,47222,d103_hh192,partner
d8,d103_500,affluent_professional,42,6,1,0,0.6,55308,d103_hh192,head
d8,d103_205,middle_class,49,6,1,0,0.7,47222,d103_hh192,partner
d8,d103_500,affluent_professional,42,6,1,0,0.6,55308,d103_hh192,head
d8,d103_205,middle_class,49,6,1,0,0.7,47222,d103_hh192,partner
d8,d103_500,affluent_professional,42,6,1,0,0.6,55308,d103_hh192,head
d8,d103_205,middle_class,49,6,1,0,0.7,47222,d103_hh192,partner
d14,d103_500,affluent_professional,42,6,1,0,0.6,55308,d103_hh192,head
d14,d103_205,middle_class,49,6,1,0,0.7,47222,d103_hh192,partner
d14,d103_500,affluent_professional,42,6,1,0,0.6,55308,d103_hh192,head
d14,d103_205,middle_class,49,6,1,0,0.7,47222,d103_hh192,partner
d6,d103_500,affluent_professional,42,6,1,0,0.6,55308,d103_hh192,head
d6,d103_205,middle_class,49,6,1,0,0.7,47222,d103_hh192,partner
d10,d103_500,affluent_professional,42,6,1,0,0.6,55308,d103_hh192,head
d10,d103_205,middle_class,49,6,1,0,0.7,47222,d103_hh192,partner
d10,d103_500,affluent_professional,42,6,1,0,0.6,55308,d103_hh192,head
d10,d103_205,middle_class,49,6,1,0,0.7,47222,d103_hh192,partner
d27,d103_500,affluent_professional,42,6,1,0,0.6,55308,d103_hh192,head
d27,d103_205,middle_class,49,6,1,0,0.7,47222,d103_hh192,partner
d27,d103_500,affluent_professional,42,6,1,0,0.6,55308,d103_hh192,head
d27,d103_205,middle_class,49,6,1,0,0.7,47222,d103_hh192,partner
d47,d103_500,affluent_professional,42,6,1,0,0.6,55308,d103_hh192,head
d47,d103_205,middle_class,49,6,1,0,0.7,47222,d103_hh192,partner
d25,d103_500,affluent_professional,42,6,1,0,0.6,55308,d103_hh192,head
d25,d103_205,middle_class,49,6,1,0,0.7,47222,d103_hh192,partner
d25,d103_500,affluent_professional,42,6,1,0,0.6,55308,d103_hh192,head
d25,d103_205,middle_class,49,6,1,0,0.7,47222,d103_hh192,partner
d49,d103_500,affluent_professional,42,6,1,0,0.6,55308,d103_hh192,head
d49,d103_205,middle_class,49,6,1,0,0.7,47222,d103_hh192,partner
d49,d103_500,affluent_professional,42,6,1,0,0.6,55308,d103_hh192,head
d49,d103_205,middle_class,49,6,1,0,0.7,47222,d103_hh192,partner
d60,d103_500,affluent_professional,42,6,1,0,0.6,55308,d103_hh192,head
d60,d103_205,middle_class,49,6,1,0,0.7,47222,d103_hh192,partner
d60,d103_500,affluent_professional,42,6,1,0,0.6,55308,d103_hh192,head
d60,d103_205,middle_class,49,6,1,0,0.7,47222,d103_hh192,partner
d64,d103_500,affluent_professional,42,6,1,0,0.6,55308,d103_hh192,head
d64,d103_205,middle_class,49,6,1,0,0.7,47222,d103_hh192,partner
d71,d103_500,affluent_professional,42,6,1,0,0.6,55308,d103_hh192,head
d71,d103_205,middle_class,49,6,1,0,0.7,47222,d103_hh192,partner
d71,d103_500,affluent_professional,42,6,1,0,0.6,55308,d103_hh192,head
d71,d103_205,middle_class,49,6,1,0,0.7,47222,d103_hh192,partner
d68,d103_500,affluent_professional,42,6,1,0,0.6,55308,d103_hh192,head
d68,d103_205,middle_class,49,6,1,0,0.7,47222,d103_hh192,partner
d68,d103_500,affluent_professional,42,6,1,0,0.6,55308,d103_hh192,head
d68,d103_205,middle_class,49,6,1,0,0.7,47222,d103_hh192,partner
d68,d103_500,affluent_professional,42,6,1,0,0.6,55308,d103_hh192,head
d68,d103_205,middle_class,49,6,1,0,0.7,47222,d103_hh192,partner
d84,d103_500,affluent_professional,42,6,1,0,0.6,55308,d103_hh192,head
d84,d103_205,middle_class,49,6,1,0,0.7,47222,d103_hh192,partner
d70,d103_500,affluent_professional,42,6,1,0,0.6,55308,d103_hh192,head
d70,d103_205,middle_class,49,6,1,0,0.7,47222,d103_hh192,partner
d70,d103_500,affluent_professional,42,6,1,0,0.6,55308,d103_hh192,head
d70,d103_205,middle_class,49,6,1,0,0.7,47222,d103_hh192,partner
d70,d103_500,affluent_professional,42,6,1,0,0.6,55308,d103_hh192,head
d70,d103_205,middle_class,49,6,1,0,0.7,47222,d103_hh192,partner
d76,d103_500,affluent_professional,42,6,1,0,0.6,55308,d103_hh192,head
d76,d103_205,middle_class,49,6,1,0,0.7,47222,d103_hh192,partner
d86,d103_500,affluent_professional,42,6,1,0,0.6,55308,d103_hh192,head
d86,d103_205,middle_class,49,6,1,0,0.7,47222,d103_hh192,partner
d37,d103_500,affluent_professional,42,6,1,0,0.6,55308,d103_hh192,head
d37,d103_205,middle_class,49,6,1,0,0.7,47222,d103_hh192,partner
d94,d103_500,affluent_professional,42,6,1,0,0.6,55308,d103_hh192,head
d94,d103_205,middle_class,49,6,1,0,0.7,47222,d103_hh192,partner
d89,d103_500,affluent_professional,42,6,1,0,0.6,55308,d103_hh192,head
d89,d103_205,middle_class,49,6,1,0,0.7,47222,d103_hh192,partner
d89,d103_500,affluent_professional,42,6,1,0,0.6,55308,d103_hh192,head
d89,d103_205,middle_class,49,6,1,0,0.7,47222,d103_hh192,partner
d103,d103_500,affluent_professional,42,6,1,0,0.6,55308,d103_hh192,head
d103,d103_205,middle_class,49,6,1,0,0.7,47222,d103_hh192,partner
d103,d103_500,affluent_professional,42,6,1,0,0.6,55308,d103_hh192,head
d103,d103_205,middle_class,49,6,1,0,0.7,47222,d103_hh192,partner
d115,d103_500,affluent_professional,42,6,1,0,0.6,55308,d103_hh192,head
d115,d103_205,middle_class,49,6,1,0,0.7,47222,d103_hh192,partner
d115,d103_500,affluent_professional,42,6,1,0,0.6,55308,d103_hh192,head
d115,d103_205,middle_class,49,6,1,0,0.7,47222,d103_hh192,partner
d115,d103_500,affluent_professional,42,6,1,0,0.6,55308,d103_hh192,head
d115,d103_205,middle_class,49,6,1,0,0.7,47222,d103_hh192,partner
d107,d103_500,affluent_professional,42,6,1,0,0.6,55308,d103_hh192,head
d107,d103_205,middle_class,49,6,1,0,0.7,47222,d103_hh192,partner
d107,d103_500,affluent_professional,42,6,1,0,0.6,55308,d103_hh192,head
d107,d103_205,middle_class,49,6,1,0,0.7,47222,d103_hh192,partner
d105,d103_500,affluent_professional,42,6,1,0,0.6,55308,d103_hh192,head
d105,d103_205,middle_class,49,6,1,0,0.7,47222,d103_hh192,partner
d105,d103_500,affluent_professional,42,6,1,0,0.6,55308,d103_hh192,head
d105,d103_205,middle_class,49,6,1,0,0.7,47222,d103_hh192,partner
d116,d103_500,affluent_professional,42,6,1,0,0.6,55308,d103_hh192,head
d116,d103_205,middle_class,49,6,1,0,0.7,47222,d103_hh192,partner
d116,d103_500,affluent_professional,42,6,1,0,0.6,55308,d103_hh192,head
d116,d103_205,middle_class,49,6,1,0,0.7,47222,d103_hh192,partner
d121,d103_500,affluent_professional,42,6,1,0,0.6,55308,d103_hh192,head
d121,d103_205,middle_class,49,6,1,0,0.7,47222,d103_hh192,partner
d92,d103_500,affluent_professional,42,6,1,0,0.6,55308,d103_hh192,head
d92,d103_205,middle_class,49,6,1,0,0.7,47222,d103_hh192,partner
d92,d103_500,affluent_professional,42,6,1,0,0.6,55308,d103_hh192,head
d92,d103_205,middle_class,49,6,1,0,0.7,47222,d103_hh192,partner
d92,d103_500,affluent_professional,42,6,1,0,0.6,55308,d103_hh192,head
d92,d103_205,middle_class,49,6,1,0,0.7,47222,d103_hh192,partner
d92,d103_500,affluent_professional,42,6,1,0,0.6,55308,d103_hh192,head
d92,d103_205,middle_class,49,6,1,0,0.7,47222,d103_hh192,partner
d148,d103_500,affluent_professional,42,6,1,0,0.6,55308,d103_hh192,head
d148,d103_205,middle_class,49,6,1,0,0.7,47222,d103_hh192,partner
d148,d103_500,affluent_professional,42,6,1,0,0.6,55308,d103_hh192,head
d148,d103_205,middle_class,49,6,1,0,0.7,47222,d103_hh192,partner
d148,d103_500,affluent_professional,42,6,1,0,0.6,55308,d103_hh192,head
d148,d103_205,middle_class,49,6,1,0,0.7,47222,d103_hh192,partner
d157,d103_500,affluent_professional,42,6,1,0,0.6,55308,d103_hh192,head
d157,d103_205,middle_class,49,6,1,0,0.7,47222,d103_hh192,partner
d151,d103_500,affluent_professional,42,6,1,0,0.6,55308,d103_hh192,head
d151,d103_205,middle_class,49,6,1,0,0.7,47222,d103_hh192,partner
d151,d103_500,affluent_professional,42,6,1,0,0.6,55308,d103_hh192,head
d151,d103_205,middle_class,49,6,1,0,0.7,47222,d103_hh192,partner
d153,d103_500,affluent_professional,42,6,1,0,0.6,55308,d103_hh192,head
d153,d103_205,middle_class,49,6,1,0,0.7,47222,d103_hh192,partner
d144,d103_500,affluent_professional,42,6,1,0,0.6,55308,d103_hh192,head
d144,d103_205,middle_class,49,6,1,0,0.7,47222,d103_hh192,partner
d144,d103_500,affluent_professional,42,6,1,0,0.6,55308,d103_hh192,head
d144,d103_205,middle_class,49,6,1,0,0.7,47222,d103_hh192,partner
d144,d103_500,affluent_professional,42,6,1,0,0.6,55308,d103_hh192,head
d144,d103_205,middle_class,49,6,1,0,0.7,47222,d103_hh192,partner
d172,d103_500,affluent_professional,42,6,1,0,0.6,55308,d103_hh192,head
d172,d103_205,middle_class,49,6,1,0,0.7,47222,d103_hh192,partner
d172,d103_500,affluent_professional,42,6,1,0,0.6,55308,d103_hh192,head
d172,d103_205,middle_class,49,6,1,0,0.7,47222,d103_hh192,partner
d176,d103_500,affluent_professional,42,6,1,0,0.6,55308,d103_hh192,head
d176,d103_205,middle_class,49,6,1,0,0.7,47222,d103_hh192,partner
d176,d103_500,affluent_professional,42,6,1,0,0.6,55308,d103_hh192,head
d176,d103_205,middle_class,49,6,1,0,0.7,47222,d103_hh192,partner
d176,d103_500,affluent_professional,42,6,1,0,0.6,55308,d103_hh192,head
d176,d103_205,middle_class,49,6,1,0,0.7,47222,d103_hh192,partner
d176,d103_500,affluent_professional,42,6,1,0,0.6,55308,d103_hh192,head
d176,d103_205,middle_class,49,6,1,0,0.7,47222,d103_hh192,partner
d180,d103_500,affluent_professional,42,6,1,0,0.6,55308,d103_hh192,head
d180,d103_205,middle_class,49,6,1,0,0.7,47222,d103_hh192,partner
d181,d103_500,affluent_professional,42,6,1,0,0.6,55308,d103_hh192,head
d181,d103_205,middle_class,49,6,1,0,0.7,47222,d103_hh192,partner
d181,d103_500,affluent_professional,42,6,1,0,0.6,55308,d103_hh192,head
d181,d103_205,middle_class,49,6,1,0,0.7,47222,d103_hh192,partner
d189,d103_500,affluent_professional,42,6,1,0,0.6,55308,d103_hh192,head
d189,d103_205,middle_class,49,6,1,0,0.7,47222,d103_hh192,partner
d189,d103_500,affluent_professional,42,6,1,0,0.6,55308,d103_hh192,head
d189,d103_205,middle_class,49,6,1,0,0.7,47222,d103_hh192,partner
d188,d103_500,affluent_professional,42,6,1,0,0.6,55308,d103_hh192,head
d188,d103_205,middle_class,49,6,1,0,0.7,47222,d103_hh192,partner
d188,d103_500,affluent_professional,42,6,1,0,0.6,55308,d103_hh192,head
d188,d103_205,middle_class,49,6,1,0,0.7,47222,d103_hh192,partner
d188,d103_500,affluent_professional,42,6,1,0,0.6,55308,d103_hh192,head
d188,d103_205,middle_class,49,6,1,0,0.7,47222,d103_hh192,partner
d188,d103_500,affluent_professional,42,6,1,0,0.6,55308,d103_hh192,head
d188,d103_205,middle_class,49,6,1,0,0.7,47222,d103_hh192,partner
d188,d103_500,affluent_professional,42,6,1,0,0.6,55308,d103_hh192,head
d188,d103_205,middle_class,49,6,1,0,0.7,47222,d103_hh192,partner
d188,d103_500,affluent_professional,42,6,1,0,0.6,55308,d103_hh192,head
d188,d103_205,middle_class,49,6,1,0,0.7,47222,d103_hh192,partner
d196,d103_500,affluent_professional,42,6,1,0,0.6,55308,d103_hh192,head
d196,d103_205,middle_class,49,6,1,0,0.7,47222,d103_hh192,partner
d192,d103_500,affluent_professional,42,6,1,0,0.6,55308,d103_hh192,head
d192,d103_205,middle_class,49,6,1,0,0.7,47222,d103_hh192,partner
d192,d103_500,affluent_professional,42,6,1,0,0.6,55308,d103_hh192,head
d192,d103_205,middle_class,49,6,1,0,0.7,47222,d103_hh192,partner
d194,d103_500,affluent_professional,42,6,1,0,0.6,55308,d103_hh192,head
d194,d103_205,middle_class,49,6,1,0,0.7,47222,d103_hh192,partner
d194,d103_500,affluent_professional,42,6,1,0,0.6,55308,d103_hh192,head
d194,d103_205,middle_class,49,6,1,0,0.7,47222,d103_hh192,partner
d136,d103_500,affluent_professional,42,6,1,0,0.6,55308,d103_hh192,head
d136,d103_205,middle_class,49,6,1,0,0.7,47222,d103_hh192,partner
d136,d103_500,affluent_professional,42,6,1,0,0.6,55308,d103_hh192,head
d136,d103_205,middle_class,49,6,1,0,0.7,47222,d103_hh192,partner
d136,d103_500,affluent_professional,42,6,1,0,0.6,55308,d103_hh192,head
d136,d103_205,middle_class,49,6,1,0,0.7,47222,d103_hh192,partner
d136,d103_500,affluent_professional,42,6,1,0,0.6,55308,d103_hh192,head
d136,d103_205,middle_class,49,6,1,0,0.7,47222,d103_hh192,partner
d136,d103_500,affluent_professional,42,6,1,0,0.6,55308,d103_hh192,head
d136,d103_205,middle_class,49,6,1,0,0.7,47222,d103_hh192,partner
d211,d103_500,affluent_professional,42,6,1,0,0.6,55308,d103_hh192,head
d211,d103_205,middle_class,49,6,1,0,0.7,47222,d103_hh192,partner
d211,d103_500,affluent_professional,42,6,1,0,0.6,55308,d103_hh192,head
d211,d103_205,middle_class,49,6,1,0,0.7,47222,d103_hh192,partner
d206,d103_500,affluent_professional,42,6,1,0,0.6,55308,d103_hh192,head
d206,d103_205,middle_class,49,6,1,0,0.7,47222,d103_hh192,partner
d203,d103_500,affluent_professional,42,6,1,0,0.6,55308,d103_hh192,head
d203,d103_205,middle_class,49,6,1,0,0.7,47222,d103_hh192,partner
d201,d103_500,affluent_professional,42,6,1,0,0.6,55308,d103_hh192,head
d201,d103_205,middle_class,49,6,1,0,0.7,47222,d103_hh192,partner
d3,d103_504,working_class,41,3,0,3,0.65,23944,d103_hh205,head
d3,d103_261,rural_worker,54,1,1,0,0.7,16151,d103_hh205,partner
d3,d103_504,working_class,41,3,0,3,0.65,23944,d103_hh205,head
d3,d103_261,rural_worker,54,1,1,0,0.7,16151,d103_hh205,partner
d3,d103_504,working_class,41,3,0,3,0.65,23944,d103_hh205,head
d3,d103_261,rural_worker,54,1,1,0,0.7,16151,d103_hh205,partner
d3,d103_504,working_class,41,3,0,3,0.65,23944,d103_hh205,head
d3,d103_261,rural_worker,54,1,1,0,0.7,16151,d103_hh205,partner
d6,d103_504,working_class,41,3,0,3,0.65,23944,d103_hh205,head
d6,d103_261,rural_worker,54,1,1,0,0.7,16151,d103_hh205,partner
d10,d103_504,working_class,41,3,0,3,0.65,23944,d103_hh205,head
d10,d103_261,rural_worker,54,1,1,0,0.7,16151,d103_hh205,partner
d10,d103_504,working_class,41,3,0,3,0.65,23944,d103_hh205,head
d10,d103_261,rural_worker,54,1,1,0,0.7,16151,d103_hh205,partner
d10,d103_504,working_class,41,3,0,3,0.65,23944,d103_hh205,head
d10,d103_261,rural_worker,54,1,1,0,0.7,16151,d103_hh205,partner
d10,d103_504,working_class,41,3,0,3,0.65,23944,d103_hh205,head
d10,d103_261,rural_worker,54,1,1,0,0.7,16151,d103_hh205,partner
d28,d103_504,working_class,41,3,0,3,0.65,23944,d103_hh205,head
d28,d103_261,rural_worker,54,1,1,0,0.7,16151,d103_hh205,partner
d22,d103_504,working_class,41,3,0,3,0.65,23944,d103_hh205,head
d22,d103_261,rural_worker,54,1,1,0,0.7,16151,d103_hh205,partner
d22,d103_504,working_class,41,3,0,3,0.65,23944,d103_hh205,head
d22,d103_261,rural_worker,54,1,1,0,0.7,16151,d103_hh205,partner
d22,d103_504,working_class,41,3,0,3,0.65,23944,d103_hh205,head
d22,d103_261,rural_worker,54,1,1,0,0.7,16151,d103_hh205,partner
d27,d103_504,working_class,41,3,0,3,0.65,23944,d103_hh205,head
d27,d103_261,rural_worker,54,1,1,0,0.7,16151,d103_hh205,partner
d47,d103_504,working_class,41,3,0,3,0.65,23944,d103_hh205,head
d47,d103_261,rural_worker,54,1,1,0,0.7,16151,d103_hh205,partner
d47,d103_504,working_class,41,3,0,3,0.65,23944,d103_hh205,head
d47,d103_261,rural_worker,54,1,1,0,0.7,16151,d103_hh205,partner
d60,d103_504,working_class,41,3,0,3,0.65,23944,d103_hh205,head
d60,d103_261,rural_worker,54,1,1,0,0.7,16151,d103_hh205,partner
d64,d103_504,working_class,41,3,0,3,0.65,23944,d103_hh205,head
d64,d103_261,rural_worker,54,1,1,0,0.7,16151,d103_hh205,partner
d64,d103_504,working_class,41,3,0,3,0.65,23944,d103_hh205,head
d64,d103_261,rural_worker,54,1,1,0,0.7,16151,d103_hh205,partner
d64,d103_504,working_class,41,3,0,3,0.65,23944,d103_hh205,head
d64,d103_261,rural_worker,54,1,1,0,0.7,16151,d103_hh205,partner
d64,d103_504,working_class,41,3,0,3,0.65,23944,d103_hh205,head
d64,d103_261,rural_worker,54,1,1,0,0.7,16151,d103_hh205,partner
d71,d103_504,working_class,41,3,0,3,0.65,23944,d103_hh205,head
d71,d103_261,rural_worker,54,1,1,0,0.7,16151,d103_hh205,partner
d63,d103_504,working_class,41,3,0,3,0.65,23944,d103_hh205,head
d63,d103_261,rural_worker,54,1,1,0,0.7,16151,d103_hh205,partner
d84,d103_504,working_class,41,3,0,3,0.65,23944,d103_hh205,head
d84,d103_261,rural_worker,54,1,1,0,0.7,16151,d103_hh205,partner
d70,d103_504,working_class,41,3,0,3,0.65,23944,d103_hh205,head
d70,d103_261,rural_worker,54,1,1,0,0.7,16151,d103_hh205,partner
d79,d103_504,working_class,41,3,0,3,0.65,23944,d103_hh205,head
d79,d103_261,rural_worker,54,1,1,0,0.7,16151,d103_hh205,partner
d79,d103_504,working_class,41,3,0,3,0.65,23944,d103_hh205,head
d79,d103_261,rural_worker,54,1,1,0,0.7,16151,d103_hh205,partner
d79,d103_504,working_class,41,3,0,3,0.65,23944,d103_hh205,head
d79,d103_261,rural_worker,54,1,1,0,0.7,16151,d103_hh205,partner
d79,d103_504,working_class,41,3,0,3,0.65,23944,d103_hh205,head
d79,d103_261,rural_worker,54,1,1,0,0.7,16151,d103_hh205,partner
d37,d103_504,working_class,41,3,0,3,0.65,23944,d103_hh205,head
d37,d103_261,rural_worker,54,1,1,0,0.7,16151,d103_hh205,partner
d37,d103_504,working_class,41,3,0,3,0.65,23944,d103_hh205,head
d37,d103_261,rural_worker,54,1,1,0,0.7,16151,d103_hh205,partner
d94,d103_504,working_class,41,3,0,3,0.65,23944,d103_hh205,head
d94,d103_261,rural_worker,54,1,1,0,0.7,16151,d103_hh205,partner
d94,d103_504,working_class,41,3,0,3,0.65,23944,d103_hh205,head
d94,d103_261,rural_worker,54,1,1,0,0.7,16151,d103_hh205,partner
d103,d103_504,working_class,41,3,0,3,0.65,23944,d103_hh205,head
d103,d103_261,rural_worker,54,1,1,0,0.7,16151,d103_hh205,partner
d103,d103_504,working_class,41,3,0,3,0.65,23944,d103_hh205,head
d103,d103_261,rural_worker,54,1,1,0,0.7,16151,d103_hh205,partner
d103,d103_504,working_class,41,3,0,3,0.65,23944,d103_hh205,head
d103,d103_261,rural_worker,54,1,1,0,0.7,16151,d103_hh205,partner
d103,d103_504,working_class,41,3,0,3,0.65,23944,d103_hh205,head
d103,d103_261,rural_worker,54,1,1,0,0.7,16151,d103_hh205,partner
d103,d103_504,working_class,41,3,0,3,0.65,23944,d103_hh205,head
d103,d103_261,rural_worker,54,1,1,0,0.7,16151,d103_hh205,partner
d108,d103_504,working_class,41,3,0,3,0.65,23944,d103_hh205,head
d108,d103_261,rural_worker,54,1,1,0,0.7,16151,d103_hh205,partner
d115,d103_504,working_class,41,3,0,3,0.65,23944,d103_hh205,head
d115,d103_261,rural_worker,54,1,1,0,0.7,16151,d103_hh205,partner
d107,d103_504,working_class,41,3,0,3,0.65,23944,d103_hh205,head
d107,d103_261,rural_worker,54,1,1,0,0.7,16151,d103_hh205,partner
d105,d103_504,working_class,41,3,0,3,0.65,23944,d103_hh205,head
d105,d103_261,rural_worker,54,1,1,0,0.7,16151,d103_hh205,partner
d105,d103_504,working_class,41,3,0,3,0.65,23944,d103_hh205,head
d105,d103_261,rural_worker,54,1,1,0,0.7,16151,d103_hh205,partner
d105,d103_504,working_class,41,3,0,3,0.65,23944,d103_hh205,head
d105,d103_261,rural_worker,54,1,1,0,0.7,16151,d103_hh205,partner
d105,d103_504,working_class,41,3,0,3,0.65,23944,d103_hh205,head
d105,d103_261,rural_worker,54,1,1,0,0.7,16151,d103_hh205,partner
d105,d103_504,working_class,41,3,0,3,0.65,23944,d103_hh205,head
d105,d103_261,rural_worker,54,1,1,0,0.7,16151,d103_hh205,partner
d105,d103_504,working_class,41,3,0,3,0.65,23944,d103_hh205,head
d105,d103_261,rural_worker,54,1,1,0,0.7,16151,d103_hh205,partner
d105,d103_504,working_class,41,3,0,3,0.65,23944,d103_hh205,head
d105,d103_261,rural_worker,54,1,1,0,0.7,16151,d103_hh205,partner
d45,d103_504,working_class,41,3,0,3,0.65,23944,d103_hh205,head
d45,d103_261,rural_worker,54,1,1,0,0.7,16151,d103_hh205,partner
d116,d103_504,working_class,41,3,0,3,0.65,23944,d103_hh205,head
d116,d103_261,rural_worker,54,1,1,0,0.7,16151,d103_hh205,partner
d116,d103_504,working_class,41,3,0,3,0.65,23944,d103_hh205,head
d116,d103_261,rural_worker,54,1,1,0,0.7,16151,d103_hh205,partner
d116,d103_504,working_class,41,3,0,3,0.65,23944,d103_hh205,head
d116,d103_261,rural_worker,54,1,1,0,0.7,16151,d103_hh205,partner
d121,d103_504,working_class,41,3,0,3,0.65,23944,d103_hh205,head
d121,d103_261,rural_worker,54,1,1,0,0.7,16151,d103_hh205,partner
d92,d103_504,working_class,41,3,0,3,0.65,23944,d103_hh205,head
d92,d103_261,rural_worker,54,1,1,0,0.7,16151,d103_hh205,partner
d92,d103_504,working_class,41,3,0,3,0.65,23944,d103_hh205,head
d92,d103_261,rural_worker,54,1,1,0,0.7,16151,d103_hh205,partner
d92,d103_504,working_class,41,3,0,3,0.65,23944,d103_hh205,head
d92,d103_261,rural_worker,54,1,1,0,0.7,16151,d103_hh205,partner
d148,d103_504,working_class,41,3,0,3,0.65,23944,d103_hh205,head
d148,d103_261,rural_worker,54,1,1,0,0.7,16151,d103_hh205,partner
d148,d103_504,working_class,41,3,0,3,0.65,23944,d103_hh205,head
d148,d103_261,rural_worker,54,1,1,0,0.7,16151,d103_hh205,partner
d157,d103_504,working_class,41,3,0,3,0.65,23944,d103_hh205,head
d157,d103_261,rural_worker,54,1,1,0,0.7,16151,d103_hh205,partner
d151,d103_504,working_class,41,3,0,3,0.65,23944,d103_hh205,head
d151,d103_261,rural_worker,54,1,1,0,0.7,16151,d103_hh205,partner
d153,d103_504,working_class,41,3,0,3,0.65,23944,d103_hh205,head
d153,d103_261,rural_worker,54,1,1,0,0.7,16151,d103_hh205,partner
d153,d103_504,working_class,41,3,0,3,0.65,23944,d103_hh205,head
d153,d103_261,rural_worker,54,1,1,0,0.7,16151,d103_hh205,partner
d172,d103_504,working_class,41,3,0,3,0.65,23944,d103_hh205,head
d172,d103_261,rural_worker,54,1,1,0,0.7,16151,d103_hh205,partner
d176,d103_504,working_class,41,3,0,3,0.65,23944,d103_hh205,head
d176,d103_261,rural_worker,54,1,1,0,0.7,16151,d103_hh205,partner
d185,d103_504,working_class,41,3,0,3,0.65,23944,d103_hh205,head
d185,d103_261,rural_worker,54,1,1,0,0.7,16151,d103_hh205,partner
d185,d103_504,working_class,41,3,0,3,0.65,23944,d103_hh205,head
d185,d103_261,rural_worker,54,1,1,0,0.7,16151,d103_hh205,partner
d185,d103_504,working_class,41,3,0,3,0.65,23944,d103_hh205,head
d185,d103_261,rural_worker,54,1,1,0,0.7,16151,d103_hh205,partner
d185,d103_504,working_class,41,3,0,3,0.65,23944,d103_hh205,head
d185,d103_261,rural_worker,54,1,1,0,0.7,16151,d103_hh205,partner
d181,d103_504,working_class,41,3,0,3,0.65,23944,d103_hh205,head
d181,d103_261,rural_worker,54,1,1,0,0.7,16151,d103_hh205,partner
d181,d103_504,working_class,41,3,0,3,0.65,23944,d103_hh205,head
d181,d103_261,rural_worker,54,1,1,0,0.7,16151,d103_hh205,partner
d189,d103_504,working_class,41,3,0,3,0.65,23944,d103_hh205,head
d189,d103_261,rural_worker,54,1,1,0,0.7,16151,d103_hh205,partner
d189,d103_504,working_class,41,3,0,3,0.65,23944,d103_hh205,head
d189,d103_261,rural_worker,54,1,1,0,0.7,16151,d103_hh205,partner
d189,d103_504,working_class,41,3,0,3,0.65,23944,d103_hh205,head
d189,d103_261,rural_worker,54,1,1,0,0.7,16151,d103_hh205,partner
d189,d103_504,working_class,41,3,0,3,0.65,23944,d103_hh205,head
d189,d103_261,rural_worker,54,1,1,0,0.7,16151,d103_hh205,partner
d188,d103_504,working_class,41,3,0,3,0.65,23944,d103_hh205,head
d188,d103_261,rural_worker,54,1,1,0,0.7,16151,d103_hh205,partner
d188,d103_504,working_class,41,3,0,3,0.65,23944,d103_hh205,head
d188,d103_261,rural_worker,54,1,1,0,0.7,16151,d103_hh205,partner
d196,d103_504,working_class,41,3,0,3,0.65,23944,d103_hh205,head
d196,d103_261,rural_worker,54,1,1,0,0.7,16151,d103_hh205,partner
d196,d103_504,working_class,41,3,0,3,0.65,23944,d103_hh205,head
d196,d103_261,rural_worker,54,1,1,0,0.7,16151,d103_hh205,partner
d196,d103_504,working_class,41,3,0,3,0.65,23944,d103_hh205,head
d196,d103_261,rural_worker,54,1,1,0,0.7,16151,d103_hh205,partner
d192,d103_504,working_class,41,3,0,3,0.65,23944,d103_hh205,head
d192,d103_261,rural_worker,54,1,1,0,0.7,16151,d103_hh205,partner
d211,d103_504,working_class,41,3,0,3,0.65,23944,d103_hh205,head
d211,d103_261,rural_worker,54,1,1,0,0.7,16151,d103_hh205,partner
d211,d103_504,working_class,41,3,0,3,0.65,23944,d103_hh205,head
d211,d103_261,rural_worker,54,1,1,0,0.7,16151,d103_hh205,partner
